{
  "sequence_length": 7,
  "feature_names": [
    "pollen_count",
    "temperature",
    "humidity",
    "wind_speed",
    "rainfall",
    "wind_u",
    "wind_v"
  ],
  "mean": [
    24.825626373291016,
    13.071833610534668,
    57.46385192871094,
    2.501901865005493,
    0.8430606722831726,
    0.0009093938861042261,
    0.020652739331126213
  ],
  "std": [
    12.61913776397705,
    5.511440277099609,
    8.089046478271484,
    1.0379654169082642,
    1.0363103151321411,
    1.9137924909591675,
    1.9167228937149048
  ],
  "version": "2.0.0",
  "last_trained": "2025-10-20T01:24:44.572234",
  "validation_loss": 85.48524475097656,
  "forecast_horizon": 2
}